Time,Fx,Fy,Fz,Tx,Ty,Tz
1713573522.6644063,-3.706095681381946,-2.865365715077958,11.710643607333008,-0.05054867831905388,-0.018986650394218953,-0.12137317722229324
1713573522.7145615,-3.5662076291179945,-2.850906077436808,11.795107210514107,-0.0443761741149421,-0.008773101458266989,-0.1930217946850995
1713573522.7648025,-3.702477569375432,-2.968043883148198,11.638734104460195,-0.03727907647384218,-0.010569427859909955,-0.1635056879657201
1713573522.81503,-3.3724307332915022,-3.203245848570192,11.947660241802353,-0.047671695199298696,-0.02785046876984408,-0.15211409633112716
1713573522.865266,-3.6517549233842206,-2.9428885518124335,11.72905854139447,-0.04785868025692168,-0.021847199716611736,-0.13813427929182923
1713573522.9155042,-3.5927620927964217,-2.9651217025192924,11.938931145391118,-0.0614188832026803,-0.031204838260886825,-0.0824130760973959
1713573522.9657428,-3.558069967625933,-3.1069158136823796,11.660234265125629,-0.06366982589349805,-0.019274840207845954,-0.04421202578360934
1713573523.0159588,-3.5786526629245348,-3.0652521676509514,12.082482633978048,-0.05543045886235546,-0.01391282294536895,-0.05717251529243622
1713573523.0661752,-3.346478953099264,-3.0523155924866603,11.783182844976068,-0.048508067851102,-0.01713877524253164,-0.13426547753439128
1713573523.116391,-3.40007400917352,-3.0015393709801748,11.695259755804235,-0.04731643985130189,-0.01808195985345733,-0.17574314957333637
1713573523.166589,-3.568254102435752,-2.8090011051286945,11.932900794859039,-0.05618825556347451,-0.012707772656096506,-0.16797386381735877
1713573523.2167659,-3.3915648552040913,-3.067811423099222,11.553230529403407,-0.05035195975141249,-0.004474790658451193,-0.15833158325412375
1713573523.2669146,-3.193563818992164,-2.964868210480325,11.874371865095034,-0.05275107544029854,-0.004132510393812443,-0.16116581098975868
1713573523.317067,-3.3013899509854987,-2.956521741821626,11.778881826899749,-0.05650833825603711,-0.007784946630020928,-0.15529832497157844
1713573523.3672168,-3.443130436962498,-2.975082790524388,11.683765199811894,-0.05281276292197644,-0.015022441819237835,-0.14180706148628705
1713573523.4173682,-3.6033950534936223,-2.923285762785195,11.8616012741339,-0.057132044305941834,-0.030260373137325703,-0.06565856100437992
1713573523.4675133,-3.1668890312762965,-3.1738898365039603,11.135068202315445,-0.09030270256625719,-0.022821485755125416,0.015526745230605734
1713573523.5176597,-3.4078419074928537,-2.6279605303578597,11.857808208598232,-0.08709595939239315,-0.039108603364362296,0.12786430620843847
1713573523.5678067,-3.360501349970825,-3.375624349932508,12.006208982929648,-0.1035121146777857,-0.04917511380812462,0.14764311488799683
1713573523.6179533,-3.2961795697757044,-3.1391382153933205,11.328424655790675,-0.08827562480615724,-0.03584600731470992,0.13061494178883445
1713573523.668098,-3.956463097383823,-2.4126274674226904,11.820666646625256,-0.0779093502022286,-0.03331163110271966,0.10172029423207993
1713573523.7182465,-4.222410824403966,-2.6846051724448095,11.573237452011178,-0.08145508625050855,-0.03143064456203393,0.12512497362175326
1713573523.7684004,-3.663390751892177,-2.5526018145961866,11.678119828089878,-0.07862183922987197,-0.02924738735949645,0.14415240166991156
1713573523.818548,-4.039085582468694,-2.9355613351870984,11.847873220237783,-0.08226851074466701,-0.024389854132707924,0.1109859979429934
1713573523.8686812,-3.830769912192586,-2.745157468435239,11.318335747672593,-0.0848477051538496,-0.03754671610603094,0.1129477315495225
1713573523.918861,-3.4858619865902707,-2.8423314811935714,11.566318134573569,-0.09976376354020065,-0.039531115950137044,0.14284859347288625
1713573523.969023,-3.859715893234876,-2.9657825261014903,11.36094282811517,-0.09674879640887345,-0.04188443920342336,0.14428241965086558
1713573524.0192084,-3.8968245322609123,-2.9968724029097262,11.779497067727547,-0.09173766851004084,-0.044772595344104514,0.1416952574837806
1713573524.0693645,-3.7846252751843643,-2.8850111245462737,11.72462680901027,-0.09386220793914636,-0.0436136956721376,0.1418360462142979
1713573524.119515,-4.111312006610303,-3.061845521901391,12.080702982390605,-0.10341580149861414,-0.044175422390189206,0.14649088537729943
1713573524.1696873,-4.017477699917768,-3.0111571772872803,11.835928185936712,-0.08862656437928404,-0.046049474525627035,0.1363310927443656
1713573524.2198462,-3.8447823938793917,-2.913509628500691,11.594932363077058,-0.07408449615857671,-0.03500018431970901,-0.031034586227448105
1713573524.2699926,-3.5477153997739634,-2.395263251740306,11.469101173845957,-0.07476035732333072,-0.0407462249681892,0.03996432200619497
1713573524.32015,-4.151445022325187,-2.596566452824787,11.440691943382923,-0.08233906496153777,-0.03135039168740989,0.07527397450237866
1713573524.3703046,-3.8832028950386603,-2.478883317842394,11.850732469799764,-0.09538666615541852,-0.03497127225887939,0.143263423411778
1713573524.4204767,-4.163911008994122,-2.427071677165463,11.794225645794583,-0.10202420408324608,-0.030806146185267957,0.13917844585202507
1713573524.4706388,-4.006720982272754,-2.7413389685344254,11.918718293487881,-0.10982106225019489,-0.02410548661936815,0.1335524888613024
1713573524.5208118,-4.3271624428398905,-2.590972475011412,12.209489001030676,-0.11238610885614382,-0.01869360766531507,0.20780419287748234
1713573524.570967,-4.183676887862982,-2.1548888548775693,11.433295694400902,-0.10178879120758327,-0.014754192547757797,0.13809720055522967
1713573524.6211264,-3.7637616944261203,-2.506198015203496,11.36829497028317,-0.11775721608486855,-0.02350277838023877,0.19021300295312338
1713573524.671293,-3.8855129457376485,-2.1154368835903115,11.74152708043819,-0.10343815807150282,-0.02405944389057604,0.14219627723298894
1713573524.7214894,-4.260327734732105,-2.0225201534167443,11.727121512781089,-0.09260494130323654,-0.015144640428433939,0.09347238538531044
1713573524.771655,-4.296053263352558,-2.136662245051599,11.649676956301205,-0.09344307087739483,-0.030439765081426737,0.13068858953946622
1713573524.8218145,-4.081453073818027,-2.290837416538543,12.484783009940513,-0.10611488255633716,-0.05047813600192408,0.16109210515867514
1713573524.871967,-3.4090694893285374,-2.0379165811333007,12.210282413076364,-0.050277552227395654,-0.03609681609093831,-0.06319533936193926
1713573524.9221249,-2.73541353907491,-2.7533563833339056,12.851124522883783,-0.05607911022596962,-0.051329244978602605,-0.16655416926157685
1713573524.972291,-3.6814653008951557,-2.2301064222061946,12.244900989919458,-0.05828565327606749,0.004789983391841449,-0.09920443544441615
1713573525.0224433,-3.589966109981801,-1.6478212923175033,12.065352792732076,-0.017000764454040314,0.012735817691669774,-0.23338004452286482
1713573525.0726068,-3.624437888809867,-1.863326720627037,11.996188623605315,-0.028337909748353866,-0.016162285256812632,-0.1986588801251209
1713573525.122769,-3.535618361630279,-1.7567004905956134,11.636628838117678,-0.03167750001364172,-0.0030795644443867036,-0.19166149357580675
1713573525.1729224,-3.7659194270397185,-1.6852067127879018,11.663841918435297,-0.042641449059378916,-0.0003805357118489682,-0.1756046971448756
1713573525.2230692,-3.2939590938264467,-1.8219039958286594,12.108951578876216,-0.051437519826257556,0.012243100033663593,-0.18991231027565197
1713573525.2732096,-3.2417869555478283,-2.2004538199060883,11.71427979960107,-0.055642495018921455,0.017738734230573743,-0.18622051760468483
1713573525.3233645,-3.1928178299413026,-2.34616332946572,11.427781934603805,-0.052605698528240125,0.01920419315521167,-0.2208210548332374
1713573525.3735337,-3.355523346207739,-2.0474189859614356,12.485445820649666,-0.08544411089883217,0.014926268262776377,-0.06292262366958275
1713573525.4236999,-3.483823517604789,-2.3859115439269813,12.013163956984153,-0.08022706140666695,0.01591307588836035,-0.09581860312196125
1713573525.4738772,-3.098595977760021,-1.6542786819128474,12.187725741331429,-0.048165021050864856,-0.016055881502401403,-0.17699386789902136
1713573525.5240338,-3.103741945503913,-1.6403430996902175,12.05895835998201,-0.041740366669279064,-0.007452162434807098,-0.18179798054613955
1713573525.574177,-2.8974901398239545,-0.3660148955813797,12.29445565994297,-0.01130013705119725,-0.02115086556927363,-0.1758465460604193
1713573525.6243293,-2.947527042406924,-0.9116956273189573,12.51051310676217,-0.027591703127123925,-0.02546947241471851,-0.1649469932874006
1713573525.6744714,-1.5989086479872752,0.2938013659073956,13.246904415026039,-0.010414876801756068,-0.09904627858550266,-0.15801394382050968
1713573525.7246017,-1.5634534977277874,-0.3156370415169638,13.087288809720068,-0.027105798649926717,-0.0715457414836469,-0.1638098890787958
1713573525.7747672,-2.741095075262706,-0.16403343466278475,12.792322191808358,-0.04545716850110573,-0.011939887196065715,-0.16262688027115949
1713573525.8249142,-2.272732961353617,0.18853565979945852,12.217864672588519,-0.04234529136875499,0.0320301761253764,0.10986851964554788
1713573525.875067,-1.7112270449807943,-1.878741638576272,13.068417561689397,-0.15465911048286995,-0.03158656454033312,0.13305117274880274
1713573525.9252114,-3.1343075191148135,0.06960869681063597,12.40932032416906,-0.07535127582424363,0.031307656670005055,0.0927912038423785
1713573525.9753518,-2.6339744866629657,0.25832886730007365,12.78368495232385,-0.07748882083470893,0.03216868310655316,0.14769438642701835
1713573526.0254989,-2.525689469660079,-0.25857622130512725,12.513189874770811,-0.08156190416762742,0.04108703412776867,0.15145549930080943
1713573526.0756142,-2.1855363531723793,-0.11225002562437547,14.090023533380117,-0.11203176822580378,0.0179297807466747,0.1649696405860043
1713573526.1257389,-2.0149221709130196,1.0213971644541129,13.304561526776133,-0.09320682615711248,0.017759773340404038,0.15820810418769485
1713573526.1758838,-1.7643578115875642,1.1424602547080793,12.20550137070713,-0.054507879687425376,0.015310873659978498,0.18230271328392494
1713573526.226024,-1.421439526290886,1.1347679134269093,13.109093021534157,-0.0690217835424693,0.001887376056437233,0.18231721546340995
1713573526.2761664,-1.957620388433092,0.49050637889221926,12.06341997826395,-0.0612877217475633,0.006112948860391779,0.18128981177293413
1713573526.3263206,-1.6526759307430343,0.13893990368795617,11.768249118354746,-0.056788811192173966,-0.0211046331051326,0.19610115156564675
1713573526.3764632,-2.9289516716589357,0.7390583973649842,12.036546416421277,-0.060096703871872895,0.0206788731663464,0.17471535321111953
1713573526.4266145,-2.6824098920255146,-0.658015228526271,11.59509918247507,-0.06691006320986057,-0.00896864352759865,0.17485529312955964
1713573526.4767728,-2.532510810735052,-0.00011245886661459537,12.041752482168608,-0.05541450145594735,-0.0032686661238200826,0.17061341424090426
1713573526.5269477,-2.617813726029495,0.44807698017865416,12.36285179393293,-0.06479245986262694,-0.016777037103835914,0.17509022259178703
1713573526.5771177,-3.023241894119733,-0.40781965330327985,12.08189119165183,-0.062180414497446636,-0.010379241212353,0.17406293621892685
1713573526.6273572,-2.865160323497095,0.15492729401043448,12.605600561891354,-0.05359715671669048,-0.02038236004941721,0.1645786802790149
1713573526.677582,-3.1703601372513472,-0.01266963405824173,12.073353484052815,-0.03866662985022645,-0.02154260650690199,0.1729523927052463
1713573526.7277677,-3.0216198598675192,-0.7167534759056107,11.89857289272781,-0.04839135678006884,-0.028806944846848738,0.17453085764591278
1713573526.777933,-3.045664737220722,-0.4301317413457042,12.125051322735711,-0.05368012850019501,-0.02434686238152744,0.17123814616685945
1713573526.8280773,-2.920926980755148,-1.1298796481837883,12.07305537919908,-0.06594250833441208,-0.02281981924783751,0.15133793372656454
1713573526.8782165,-3.174924313839927,-0.663012277101656,11.785320379752147,-0.06228072596335098,-0.036833997441561094,-0.020797532777624417
1713573526.9283793,-2.215281603104322,-0.738385376811812,12.179292781073388,-0.04668815092438917,-0.0676802233027585,-0.17133213268838618
1713573526.9785895,-3.0174989503922096,-0.0912726221959912,12.348826887624744,-0.05149666604775683,-0.027177672889717883,-0.13899996497857273
1713573527.0287306,-2.8326620479783333,0.07922672502536132,12.297891456472753,-0.037584722898167486,-0.04923186209558013,-0.12500403901148938
1713573527.0789006,-2.282468841103302,-0.11701232142429552,12.290080115667918,-0.0484018939347955,-0.04510278243437077,-0.12558312203284092
1713573527.1290512,-1.765515766847354,-1.0419167662828062,13.258948181515047,-0.10148062625319443,-0.0643511068369426,-0.12311868481452859
1713573527.1792095,-1.8488084312135498,-0.6074989785265474,13.960641415986952,-0.09346891550743978,-0.04285897461541687,-0.13074205473032624
1713573527.2293658,-1.3860051053915692,-1.5415933841054899,12.611580283575254,-0.09963720641793532,-0.06477442988545472,-0.12417853865894687
1713573527.2795272,-0.7694081385382245,-1.0796158186831724,14.460400874647338,-0.10368629095191256,-0.10906059673661858,-0.08768368503950853
1713573527.3296843,-2.1433863784583784,-1.1552213709932095,11.359027335534455,-0.057907728883255655,-0.022852162953223114,0.2006082041988645
1713573527.379839,-2.455974925204298,-0.2217211313589751,11.30536680688966,-0.03774198299977418,-0.027659917535957854,0.16439127854186383
1713573527.429987,-2.350367895475102,-0.47703954782167735,11.221405310851587,-0.03207265820963464,-0.017165742091922412,0.15798272272977226
1713573527.4801378,-2.799937457231459,0.2315031751512544,12.104300892782597,-0.04998393498311361,-0.03580759029771514,0.0924279869980257
1713573527.5302837,-2.3697423325171085,0.39786757376147897,12.032560960626157,-0.034413531194420664,-0.06411401057568583,-0.08791990796319983
1713573527.580435,-1.5459847722839555,0.49307144055180085,12.019377365119349,-0.03047339261140155,-0.07871154168575001,-0.12400329426289786
1713573527.630586,-2.3085759159960917,0.4345819118957184,11.801270838257931,-0.03669225445522614,-0.05046417746328704,-0.12306522116836373
1713573527.6807203,-2.3304215056913606,-0.04317155181357091,12.006998400666525,-0.041629878640214876,-0.05950222672838813,-0.12553362235481952
1713573527.7308824,-2.5857651706995504,0.09664587824606086,12.332783300971988,-0.06703211831398515,-0.044068948833064614,-0.12794609531694678
1713573527.7810433,-2.301988366639941,-0.5197663793009113,12.4566802887518,-0.061187183682408296,-0.06303627494608104,-0.12637650453153024
1713573527.8312645,-2.1327952327387827,0.06826202802204584,12.588533610457677,-0.0503594436862309,-0.05888278029391526,-0.12392086208753567
1713573527.8815193,-2.3010116554010627,-0.22082809824779748,12.216760336121883,-0.07276543118742178,-0.06210714676322353,-0.12211050690525563
1713573527.9317281,-2.3523287253353162,-0.40928102734071947,12.374994142749372,-0.0562762480654708,-0.05654914827275868,-0.12744078568995235
1713573527.9819326,-2.043471336906228,-0.11617415872448333,12.052498571423985,-0.0536452229320999,-0.05345831703699163,-0.14396059504793912
1713573528.0321796,-2.283235353006033,-0.13890232174406147,12.187067005152187,-0.0460552778954969,-0.04912139592259164,-0.13893627163232933
1713573528.082406,-2.28293640179031,-0.4778171160019413,12.302144206893235,-0.058161445046912646,-0.05628921807568092,-0.13515064040355876
1713573528.1325943,-2.1859469882655143,-0.4613181166960709,12.036510982844138,-0.05757156761473991,-0.05339471681127095,-0.1361680581886582
1713573528.1828227,-2.0729804648841963,-0.6359121277351942,12.111971885098821,-0.04967285827070346,-0.051643105346293294,-0.13117347642234262
1713573528.233032,-2.0817815149122207,-0.5122796777390453,12.066335249496326,-0.050513608443243485,-0.05431311970154082,-0.13007628056268694
1713573528.2831933,-2.0150728248684118,0.20234516589055396,11.822552813184043,-0.036877423600149964,-0.04907077526810026,-0.12506209998360637
1713573528.333327,-2.548611083804383,-0.5546922023014573,11.826741335132454,-0.05045908900200817,-0.04018568841772828,-0.12874246307968065
1713573528.3834262,-2.6335566431998436,-0.044562672504426803,12.26223127416615,-0.0379449166018226,-0.03265230964560083,-0.12880970545757364
1713573528.433582,-3.0911329787889814,-0.6577433027996227,12.241663272613184,-0.061153178064455964,-0.03163064166831352,-0.13533722020606975
1713573528.4837441,-3.272588588944501,-0.22989601302180085,12.399728067997875,-0.056375263471564095,-0.01419192602393864,-0.1285671588173536
1713573528.5339706,-3.0493489085166705,-0.8837590967861229,12.123104612880267,-0.06547276001510918,-0.01930682283913555,-0.12891894384699215
1713573528.5841649,-3.453125624208349,-0.8682518063631461,11.67043795846875,-0.059663225673438854,-0.00584999616989023,-0.1347778963016443
1713573528.6343083,-3.441310785915894,-0.4208122600782447,12.101994402151378,-0.05337768871809402,-0.0165446674342496,-0.12227271375862674
1713573528.6844504,-2.522284548667161,-0.8739881866320329,11.995038248617156,-0.062072746808239924,-0.03255533035777137,-0.04025116710132487
1713573528.7345953,-2.6657000173883354,-1.2541723822100543,11.936950470481836,-0.07202757190741257,-0.04378483593721989,0.042200187411589284
1713573528.7847357,-2.6666004663631457,-1.376736037585108,12.138071791809113,-0.08536166297847611,-0.04306593992803591,0.11115838064206839
1713573528.8348806,-2.601385956914921,-0.9483191326964808,12.309229387576375,-0.07743226707014954,-0.030518837126952185,0.15901040605823347
1713573528.8850229,-2.499041234307477,-1.0120871656885022,11.966889005944449,-0.06358755970699309,-0.040934740629547994,0.19070698374378703
1713573528.9351923,-2.736308572978224,-1.538686807651355,12.198383857606537,-0.0846054071267102,-0.04713415711725857,0.17867959771207167
1713573528.9853845,-2.915783363978894,-1.3879402458939558,11.881910197943467,-0.0695454485724355,-0.05158773180401419,0.17426776730364527
1713573529.0355117,-3.2688291207909623,-1.4183554884476257,11.868881244214718,-0.07450123869435944,-0.030699197292036844,0.16888526424836597
1713573529.0856402,-3.6379613194951013,-1.4484124315043219,12.07441451092094,-0.07727310139066301,-0.017773721743693776,0.16009624491924285
1713573529.1357667,-3.676025706741537,-1.3843168895653601,12.077916571138868,-0.06764348518779159,-0.02130496036357537,0.158954323596893
1713573529.1858945,-3.531891326327926,-1.3747258216819975,12.05845164411496,-0.07422910294867541,-0.018780124763284008,0.15318109496115245
1713573529.2360194,-3.121325944530982,-1.2655299351103872,12.269236197909283,-0.07001473006755624,-0.019199542331341406,0.15128343797989152
1713573529.2861536,-3.1579099110052233,-1.5351574845541962,11.652195995814196,-0.03814028988877338,-0.037845063116277625,0.1545628090643897
1713573529.3363018,-3.035919193530239,-1.509774088935545,12.226542197137526,-0.07015647996629773,-0.022947017503636084,0.1476891782619955
1713573529.3864374,-3.060872864608605,-1.6948275287554135,12.144453314970308,-0.05915158966124178,-0.02621476403428804,0.1542332764547716
1713573529.436581,-3.1274396386396086,-1.5898990157842527,11.929347488238301,-0.03994698369441595,-0.029468139991599487,0.15681272412921013
1713573529.4867291,-2.7104896600652473,-2.0517042809997648,12.377434502960368,-0.06990193303011669,-0.051952578698317306,0.15200086397478618
1713573529.5368783,-2.8492753574933287,-1.7698759720696735,12.357621441510224,-0.050938358353680394,-0.038524315090244454,0.1559158232667961
1713573529.5870163,-3.0305422203440617,-1.588225662194776,12.013612040371397,-0.03396155797902305,-0.041381863337062466,0.16090640360564365
1713573529.6371562,-3.176603566487358,-1.7474492256997425,11.864111698246782,-0.02925319425203464,-0.0384302927548307,0.17414167989917173
1713573529.6872997,-3.0666563195667034,-1.952375345550009,11.464939747047623,-0.020709729222733005,-0.03996457001278981,0.18360496901722087
1713573529.737439,-2.883349731164016,-1.838987512225589,11.690947744243301,-0.04933150235959216,-0.040785229798390235,0.18575028160297424
1713573529.7875855,-2.7108374735307854,-2.0277790528789263,12.123151595634564,-0.06271572057871083,-0.04769239194104648,0.17602083931035153
1713573529.8377633,-2.990737982752784,-1.8033291339806812,11.809785952017334,-0.04005880759580126,-0.04700068464590824,0.17553337024008578
1713573529.8879337,-3.1011968913614902,-1.8763837831069055,11.650646507642243,-0.03636104846722595,-0.05521785227009609,0.17713237098755372
1713573529.9381387,-2.814484354408291,-2.009835207337985,11.944157361833986,-0.052754363673924005,-0.04194304488133207,-0.1294970142247987
1713573529.9883127,-2.0786440728042477,-1.5685174499220864,12.046448771312594,-0.060135385026691315,-0.03350005141368407,-0.15696434840342852
1713573530.0384748,-2.4483968266507463,-2.020303887971755,11.41159030091509,-0.03390280864515164,-0.02942531847206418,-0.1511695388377475
1713573530.0886514,-2.580809134656641,-1.743822797434862,12.233210045215609,-0.052626013856882745,-0.026646414946032572,-0.15086067009053317
1713573530.1388655,-1.9125145607384533,-2.3460653666496105,12.484660027104589,-0.07640991027078398,-0.030388109750630853,-0.15425654936443947
1713573530.1890194,-1.8782075178666982,-2.3587260058160595,11.855509360526103,-0.052477498871245476,-0.02696027370919262,-0.16102790500123723
1713573530.2391713,-2.151913493705401,-1.543021022128734,12.2878391295318,-0.0678014230629331,-0.02785631323552648,-0.15992159960701854
1713573530.2892938,-2.1249252681473814,-2.3464705697665775,11.66169413107614,-0.05308736249158808,-0.0373028134100049,-0.08258002018321912
1713573530.3394418,-2.0890584915269113,-1.4988389950157412,12.53054600926832,-0.07118756801516002,-0.020043104873356102,-0.15936985289936956
1713573530.3895974,-1.8561869104267466,-1.9886406073783092,12.044200980025527,-0.07261156733235449,-0.04006472738218868,-0.2643318345166492
1713573530.4398038,-2.099510804045088,-1.5604383010484435,12.173127550141706,-0.07349506542607459,-0.01640083065609691,-0.2388385709147856
1713573530.4899938,-1.8148652737212905,-2.2124035010946748,12.417777885244787,-0.04761268731748454,-0.043607849792485845,-0.16183559104509246
1713573530.5401309,-1.5887396645739735,-1.3920166532951304,12.428490643101458,-0.06093218740672004,-0.010426987083323232,-0.1714009653769064
1713573530.5902603,-1.6957379565972766,-1.3445687392921464,12.326496953051274,-0.07267761367532108,0.0005330464477031529,-0.16561193733200996
1713573530.6403866,-1.7092222218811532,-1.125130682215655,12.646083121729744,-0.06952121257341733,-0.008032681840814168,-0.16431649189245703
1713573530.690501,-1.6070009208931808,-1.4617279022299612,12.938243761639127,-0.07311800405686161,-0.0014077653999169815,-0.16745959171051253
1713573530.7406135,-1.608195608903123,-1.271291737369327,12.69933573634369,-0.08137533537562328,-0.0009817460543704772,-0.17038219582735178
1713573530.7907035,-1.7598225527066869,-1.3357562320754797,12.690318061233235,-0.07737431983773278,-0.00782880696797989,-0.1618311966493615
1713573530.840843,-1.6776408817922828,-1.49327567265347,12.60713692157536,-0.06777954435336007,-0.006663200813828771,-0.15973940022195451
1713573530.8909855,-1.9397798624094738,-1.7158198268503595,12.696493518474023,-0.07124142654458075,-0.007288273496521346,-0.16095874196620208
1713573530.9411097,-1.5825899527341174,-1.6505604012694375,12.229388553919275,-0.056196884918532385,-0.010654948256447553,-0.15247205277438466
1713573530.9912138,-1.7430253431032512,-1.6692286811791368,12.711412646753864,-0.07549402264877442,-0.012420306274322045,-0.15391855387444986
1713573531.041321,-1.6809329722436384,-2.016219353745289,12.93031028743694,-0.09038593163351777,-0.01670642762750201,-0.15841096202125857
1713573531.0914905,-2.1214140016362393,-2.1086535869914496,12.417145858904059,-0.08844626062533459,0.007574137761454634,-0.16205240374452637
1713573531.1416702,-1.7023552560260555,-1.548664248764146,12.728759528897422,-0.07436826599944396,-0.0023621339196513574,-0.16942014040333378
1713573531.1917799,-1.5169379016338638,-1.6243665605173532,12.706791250222555,-0.08847436573592132,0.006746380611020978,-0.17538495834711615
1713573531.241884,-1.676013295426134,-1.505818175477572,12.74216573963426,-0.07403521326745711,0.0009012971716973097,-0.14176605411950355
1713573531.2919862,-1.8897141582648986,-1.705737462774646,12.76110744694502,-0.08391067201567755,0.0019709562485427023,-0.07644215286388609
1713573531.3420901,-1.3946476564411996,-2.0269629462280876,12.383646282573586,-0.05183388278133084,-0.013839921678125044,-0.20035098452780445
1713573531.392195,-1.6324446703491515,-1.3544831487763538,12.84637843553803,-0.07458936847313792,-0.005767940914347831,-0.16567111942034135
1713573531.442305,-1.6203282317189571,-1.1885058017418388,12.73552704859299,-0.06778949937205761,0.005253820127618656,-0.1331878569905211
1713573531.4924583,-2.3790229863308943,-0.9682911358260898,13.130616632073654,-0.07220718354837555,-0.0007283956381404569,-0.30854961524001656
1713573531.5426369,-1.6188022419679788,-1.344475687529358,12.819899115006566,-0.0817889907911994,-0.0069556476852074695,-0.17062100277977585
1713573531.5928092,-2.0715103713382703,-1.2081774738426354,13.484536115624183,-0.06646734066355595,0.010977733839737401,-0.14436967294508138
1713573531.642978,-1.5430967513429996,-1.6201687322995886,12.510538443553205,-0.042162341390162,-0.01080881734402677,-0.14557517661067684
1713573531.6931574,-1.6846252668992867,-1.3507257041820204,12.40785603905749,-0.04535898677573621,-0.019822878923494793,-0.12949653480538384
1713573531.7433193,-2.069918075773459,-0.9810056650460369,13.301643996417782,-0.0741193205179592,0.00613580668821944,0.17600601150233566
1713573531.793482,-2.1839380274465188,-0.7859944685218314,12.800392175142235,-0.07233407158521558,-0.017620055082943255,0.021994214001057777
1713573531.8436704,-2.32816971386095,-1.5808466605189482,12.541988042032012,-0.0788173133169019,-0.018320628747737794,0.1559669398520896
1713573531.893849,-2.4978254376717213,-1.2874335285619052,12.358716193890341,-0.05208986456866986,-0.014274388242888863,0.18095336931519337
1713573531.9440198,-2.6063882732850905,-1.6547443374292636,12.833689938741168,-0.07514450988606779,-0.004999022084351726,0.1913934521869607
1713573531.9941978,-2.2928417700397192,-1.6346928300018264,12.371316448772316,-0.06407990042014627,-0.023092007242098603,0.1525551586777087
1713573532.044376,-2.502985329752368,-1.343118643571359,12.654854996127243,-0.08130921127033337,-0.008879150257455464,0.20742716613531942
1713573532.094528,-2.2599966781716088,-1.8569390457129957,12.522564149643857,-0.06472096557666787,-0.018972773396950755,0.16680417888193588
1713573532.1446676,-2.20842667488238,-1.4680223015995013,12.050962001825466,-0.050267604205629916,-0.002158249779704099,0.1478055492968692
1713573532.1948225,-2.146229603858488,-1.3969117054433653,12.31125547861143,-0.05559620891674278,-0.015041590563328863,0.14617679180759674
1713573532.2449787,-2.3488596392141656,-1.2375850718351844,12.64468949705455,-0.08528506367251465,-0.013851923925823344,-0.08220994016225686
1713573532.2951355,-2.0132698874500843,-1.2827578104109585,12.411913235117643,-0.07438309531597027,-0.021948950435617266,0.14193353728478908
1713573532.3452964,-1.8703393114120423,-1.3137774614578575,13.07355299343378,-0.08530128449850374,-0.01250216021459262,0.21758281956456094
1713573532.3954532,-2.448897522974929,-1.2531058933835033,12.378401061425679,-0.10206887900280022,-0.0069316053284974284,0.06400516128686354
1713573532.445613,-2.5670295806153467,-0.9787594950219516,12.287602038029343,-0.0904277414696626,0.00012162085691566106,0.13849602849491455
1713573532.4957736,-2.840855469803677,-1.3727678941023433,12.59354153055284,-0.09521870576913458,0.013574451369764274,0.16441692316424886
1713573532.5459325,-3.638035426788205,-1.7459193865564675,13.197033573204092,-0.1306338365432758,0.09434092378492202,0.14330386649519444
1713573532.5961244,-3.0654603220945043,-4.353607766510307,11.244344813891889,-0.194408562602575,0.12511237379960463,0.018418481023078095
1713573532.6463718,-4.165752927279185,0.10117310088147824,13.094470051031875,0.017457079994364265,0.2047301625880934,0.12588167731834582
1713573532.6965766,-4.96545012407963,2.4189954779984304,12.765870179219311,0.20440115412093504,0.2881124381346948,0.12049573453573062
1713573532.7467654,-6.62824462995579,5.986263847317883,12.553185897874446,0.5483846989088904,0.520374366140046,0.1357576069584381
1713573532.7969396,-8.285306779918683,10.374537261872915,12.350844643141727,1.057420918236772,0.8134086752733349,0.086832581274471
1713573532.8470995,-10.67695370882146,14.923515160052313,13.140448102445843,1.5233952379068074,1.1656404151940478,0.1220811505579056
1713573532.8972611,-12.136819304247012,19.341118860142977,12.668753856796368,2.0699686445149634,1.486295321156268,0.1022283809090824
1713573532.947422,-14.055201991228671,21.50751825160064,13.566399354344217,2.3254825525414677,1.6958920433498734,0.09148966000733612
1713573532.9975872,-11.01478690716348,16.771598112086963,13.607094438076231,1.9757050539193348,1.4261482484164731,0.10405734262022337
1713573533.047725,-9.634549863042723,14.4153968275834,13.209011431828763,1.75869077981771,1.2125624128553365,0.11699925977384788
1713573533.0978577,-8.65100503997994,13.864092149984911,12.662614794065119,1.7042423881591404,1.0893173353546395,0.12542968140888813
1713573533.147998,-7.502422795857685,12.88878133733894,12.824011263743188,1.6318824593251744,1.0021626616479262,0.13723081946038734
1713573533.1981351,-7.231103477428904,13.319928731397063,12.323549765340305,1.6563495089085063,0.9369290605592504,0.1431477425033459
1713573533.2482743,-7.047675793547938,12.635938578582211,12.360146233587056,1.586491717332062,0.9114231104051224,0.148670978227315
1713573533.2984128,-7.31595459798756,13.049220819947534,11.751085451191642,1.610738756445806,0.8997148281060691,0.15980823026641247
1713573533.3485572,-6.816650842036904,13.858681679404528,11.341929272402846,1.6764667304327163,0.8621893940916617,0.1656824022687317
1713573533.3987,-6.353635332997761,16.071064288591455,9.16764022218891,1.8957978262247863,0.8270554949723813,0.19627249381401451
1713573533.44885,-6.134420001500851,17.3516293020513,6.577809964737401,2.2284878158605546,0.7078222298019134,0.23148962095609518
1713573533.4989977,-4.1975291014787,20.68954655886389,3.2452980494348167,2.494227247757355,0.4797416926345303,0.3107384158062091
1713573533.549136,-2.299080715728789,12.002261418070962,6.042746910816619,1.8380357497309467,0.215195372972913,0.27368019324035947
1713573533.5992744,0.9352775381176133,10.911034449284553,5.806071542439211,1.6816225009286188,-0.12845332402359402,0.33144675317459793
1713573533.6494224,3.034562795138081,13.886079562982747,1.8574078610765627,2.1136950184810477,-0.5089478783988292,0.44936887644591855
1713573533.6995618,5.893326191544095,14.506073565322959,1.3381399834556267,2.044453550985766,-0.8119245893460555,0.47630810679578206
1713573533.7497184,5.940456904945181,14.53346230313008,0.7432025648229614,2.1063447064723864,-0.9407772604092393,0.49353992732430535
1713573533.7998683,4.71833779706668,13.719315680051821,2.7537949319544532,2.1034138847281456,-0.8712160942228931,0.5530470986437116
1713573533.8500078,7.584085696868009,17.203228731923218,-0.560046788860646,2.4928055738117876,-1.239441584801691,0.6800773011271006
1713573533.9001534,8.696554876957016,21.610982676766017,-2.837731057699103,3.0452151249754387,-1.5496271837652433,0.8235931814305146
1713573533.9503055,11.568604497748769,23.240567998539564,-5.733786011037054,3.423451378572228,-1.8765589561054372,0.9435744314443941
1713573534.0004442,8.966763647368545,22.839719026094222,-4.21286777889261,3.3555942751744876,-1.7736571413849131,0.9267035828020046
1713573534.05059,11.039917930240168,23.888078892833022,-5.98325239711615,3.5384369795829684,-1.9356588337938052,0.9980108877809053
1713573534.1007445,9.522524324769288,22.33110768336617,-4.645463528356782,3.3938062025776135,-1.80299038886389,0.9651677747089484
1713573534.150888,8.444410894938903,21.09085556979516,-4.394741816563879,3.260916327836185,-1.6910512421501063,0.942240985839385
1713573534.2010343,9.753276966545592,19.421528561866086,-4.2703846382381565,3.0975522883631905,-1.7514086220667517,0.9533713426531827
1713573534.2511811,10.440982839662677,18.53661866051269,-4.584384288809432,3.013861473769045,-1.8202369389344957,0.9859137851083208
1713573534.3013215,8.692558869658018,13.933019461105834,-2.3757049972510584,2.4349357174385715,-1.6059275271991742,0.8767459690630753
1713573534.3514645,2.9106879802617915,4.891510751056452,5.865395022058839,1.1883279696079003,-0.9188977758910001,0.562445894694644
1713573534.4016106,0.9174999800364306,3.282831042708855,8.188621557924131,0.7991295322036087,-0.603346464082012,0.4381033546502841
1713573534.4517655,0.6225438360309677,3.032403576018801,7.753845189434095,0.7199846712251131,-0.5648678506415662,0.42709178341143705
1713573534.5019062,-1.2053570375922267,2.6102540357742385,9.525441115573031,0.5510373138364678,-0.32107599519639063,0.3408094739209253
1713573534.552061,-4.0075533389363125,0.475889204223654,11.067135027093753,0.2552595143478291,-0.0921170513848241,0.23663980192741366
1713573534.6022403,-3.844749032649192,-0.747209927951527,13.103787212752538,0.03923690026025341,-0.060542455843533155,0.15571395990601383
1713573534.6523805,-4.40782915610344,0.07017221692074482,12.5323317131342,0.06327343701893934,-0.0049845037663216185,0.15546967868972958
1713573534.7025208,-3.946334867760199,-0.3317771790435313,13.247215890886618,0.005312002971397313,-0.03030153380070929,0.15257141881445035
1713573534.7526624,-4.15721921935911,0.29334142120969453,12.80188652626941,0.04607318149145154,-0.0004047918314338851,0.14917301075685852
1713573534.8028042,-4.047418207033535,-0.36324047118887703,13.200118401234283,-0.0008989472530753599,-0.021844008724925264,0.14854929324003324
1713573534.8529434,-4.01680847019831,-0.6003747081402664,13.793136181871839,-0.002821817177153069,-0.023976529686065742,0.152769910093013
1713573534.9030812,-3.8975611996475683,-0.06209161982798017,13.127901893309808,0.008003370515591076,-0.008673086799238935,0.14213583460210727
1713573534.9532225,-3.92608689019513,-0.2103916578427465,13.33945763238596,0.0029312575222050774,-0.019012258542162326,0.14504862882234038
1713573535.0033612,-3.9795776613475615,0.20871161682530692,12.989585328686212,0.0021339031195997983,-0.012298536314813632,0.14744495372373784
1713573535.0535035,-3.7145471498982143,0.08727461368627187,12.617140294087468,0.0014563658648441141,-0.01104877202754357,0.14446039824191442
1713573535.1036317,-3.0259890441262947,0.033462728568734335,13.041037934676574,0.0030177032051302644,-0.044939906021388705,0.07074045473344169
1713573535.153769,-3.4686411212375443,-0.12277303190899636,13.736975635097334,-0.014203590073179702,-0.056675775013667794,-0.03918575111090277
1713573535.2039092,-3.2401017679463275,-0.07885401795380842,13.3132157841181,0.004862223378658572,-0.09753635604806943,-0.16411000240022258
1713573535.2540493,-3.484501125160576,0.28941346414662217,13.034806401310199,0.024215675320355862,-0.05584297453700991,-0.17595536807716913
1713573535.3041909,-3.144193835067302,0.7063975070426514,13.254383866267299,0.02099304051949355,-0.07938832847342087,-0.15483120048374158
1713573535.3543313,-2.736513433342888,0.38716199204358004,13.808904964222997,-0.00035092576130140926,-0.07133935546277652,-0.1563286647861609
1713573535.4044845,-3.0967040368466816,0.6816065837067611,13.646913753218058,0.019367134868641542,-0.04143082324805883,-0.15860212348776953
1713573535.454657,-2.5765803355940355,0.902611587051454,13.950576699089295,0.010085224408248813,-0.06388057566823765,-0.15458421379973866
1713573535.5047965,-2.6947223790979242,0.008421286750631474,13.770465866701645,0.004519625299969469,-0.04573275367390274,-0.16058212867951843
1713573535.5549455,-2.7219116930942846,0.8847743221842741,14.344937393064825,-0.005379933982974051,-0.05716687865346897,-0.16037822659646128
1713573535.605103,-2.616243978698905,-0.162116608479693,13.989927375879741,-0.014225819536660161,-0.059380189158452334,-0.16270940763883446
1713573535.6552534,-2.9109664117456546,-0.25444182486581557,13.530582235363884,-0.025112597071551727,-0.04317324906848678,-0.16485898827696996
1713573535.7054033,-2.4861258152991037,-0.7802405126442653,13.3025877645167,-0.017223737962745535,-0.039076927207012405,-0.1626696031748876
1713573535.7555785,-2.629372664156681,0.26429630519662295,13.360051386675096,-0.009221257294282463,-0.033172120296829255,-0.16504557117402496
1713573535.805817,-2.7487116131435774,0.003495275544905141,13.494399251119416,-0.028566234632166655,-0.03454795720236391,-0.16254853722827164
1713573535.8560338,-2.502474013143436,-0.08169241455234433,13.52724229807129,-0.025791769469279354,-0.04713000364469714,-0.15214935834794724
1713573535.9062605,-2.468257335803375,0.5940311177346089,13.948728122115329,-0.061286912749774373,-0.04509822387612114,-0.03094266527434566
1713573535.95647,-2.717973572414316,0.31148131366464016,13.179418636638538,-0.0239545438802216,-0.03511510967052961,0.13027166043936134
1713573536.0066712,-3.1534525709436116,0.5613857802284157,13.402278410371068,-0.0535015262227267,0.0006977890984661492,0.15315836736974894
1713573536.056866,-3.4238709178331588,0.19013001843799238,13.005189446207691,-0.024622910735419702,-0.00017402120236702234,0.13676973382975077
1713573536.107057,-3.1530815617845125,0.44306420740676833,13.22642395576981,-0.03250896820202022,0.012786826236746915,0.13836901590094056
1713573536.1572511,-3.158145834449247,0.11860456176834067,13.489428699682291,-0.030238292099237136,-0.010701684121774156,0.14276487293685955
1713573536.2074406,-3.23155098689597,0.8879863985362308,12.994414017604313,-0.026699924099666178,-0.006747839295509969,0.15139735743085914
1713573536.2576246,-3.4446129921835142,0.5895841421518466,13.138438486074486,-0.035290095327879606,-0.0013511052865278414,0.14051937117093974
1713573536.3078244,-3.0518346308896427,0.20532230341592372,12.828903321047816,-0.032659452036951336,-0.01895765481341965,0.1439414935660446
1713573536.3580148,-2.8565753230344573,0.12460213317255109,13.260739695867516,-0.048554130804849424,-0.014368185426171728,0.1407607917769488
1713573536.4082084,-3.360500140933863,-0.05311851531682743,12.989680496080334,-0.039370476499695856,0.003468308392682102,0.12880662036203788
1713573536.4583905,-3.2998057174236766,0.3471526564026619,13.278785266906569,-0.03071215619828726,-0.007689581063637617,0.07994854381245951
1713573536.5085757,-3.1205155485414613,0.030743837449937583,13.983417807357663,-0.06318542218411481,-0.011831483151780772,0.1404170435249907
1713573536.558792,-2.946929434389745,0.2867965406144033,13.270160133357127,-0.04546873278436957,-0.01472194294523867,0.11133343951389121
1713573536.608981,-2.8015949801266147,-0.5524852046609938,13.263935082884997,-0.06215665869510243,-0.004933494030676951,0.14970396891815846
1713573536.6591954,-3.2312064655198083,0.20439490504324276,12.491030865680102,-0.039279005862709035,0.0015553264803586445,0.12895635856128812
1713573536.7093847,-2.999093122849643,-0.11029561467906435,11.764601863003517,-0.02058326746189945,-0.015674319467652117,0.03657551727585409
1713573536.7595859,-3.6330805393410657,0.2031791020637086,11.768075129321995,0.005810049284343314,0.0032859509347183107,0.06871202720024859
1713573536.8097947,-3.295140715921145,0.37177458313209,12.75289973806691,-0.028231689653427254,-0.022772491331615064,0.1110069755836958
1713573536.859994,-3.643599153157364,1.0561116285313004,13.648969451304936,-0.037878067390714754,-0.00016392076515302223,0.15458759369473563
1713573536.910183,-3.0923242072250035,1.6438306252638561,13.57562997024466,-0.028327071777327816,-0.007217055933409239,0.15770920047812653
1713573536.9603903,-2.9752075378018477,1.0016624144812618,13.693269870930951,-0.02619352829243682,-0.04237267120443126,0.03626135172658015
1713573537.010567,-3.0458176736906473,0.5977674985870856,14.443956329693517,-0.041004914581713195,-0.028627819580414986,0.13621512465229085
1713573537.060745,-3.4084377705217817,0.8716277145344589,13.600906260298895,-0.05240880565318925,0.012232956898135347,0.22230297812227098
1713573537.1108994,-3.46693438429893,0.8814395392678174,13.326701705468,-0.025504607889064092,-0.003549975895036382,0.12084027575844808
1713573537.1610608,-2.9476167024390003,0.3904402535904299,12.901023334228084,-0.028031204120249967,-0.06146415837548988,-0.053122018016800845
1713573537.2112281,-3.0300107285184184,0.6877214488830417,12.971158069250277,0.0007835435398199919,-0.06096368925355141,-0.13316665538724978
1713573537.2614079,-3.4543714839875115,0.5438530087757423,12.530577469603248,-0.00355281417210343,-0.04040829023594709,-0.13759988779851517
1713573537.3115463,-3.02749546760516,0.5343352145071427,13.184396708328688,-0.010111046895626344,-0.05644802560591838,-0.10348249738958927
1713573537.3617191,-3.153052948587257,0.17461551863770852,12.667723546260682,0.008968531951807539,-0.043839978390868846,-0.09459483463116249
1713573537.4118593,-2.8648521150998345,0.02728179042038681,12.89634893120344,-0.004721661578191047,-0.045699970100373806,-0.08801920386548762
1713573537.4620068,-2.9266859577312996,0.10441103586219214,13.156632863971524,-9.036855201407373e-05,-0.053785062068960235,-0.1285520758254105
1713573537.5121512,-3.2224727238207596,-0.24292382360912024,13.30452331334143,-0.019749864427174652,-0.06010887635378744,-0.23127425250816336
1713573537.5622869,-2.808567673831547,-0.17383827879991776,13.513543424815877,-0.012566862166578086,-0.04760353681380937,-0.17018371237705715
1713573537.6123977,-2.700498300500064,-0.331067379861703,12.544118524073033,0.01537855696570015,-0.04520928443488343,-0.16397453778153068
1713573537.6625133,-3.173267272512076,-0.19382659142080616,14.020246465237813,-0.031231211768897035,-0.05274928013787854,-0.14179109456770608
1713573537.7126276,-3.2791326715770346,-0.21863093308486636,13.220819762915244,-0.015501442523149937,-0.04836618730037771,-0.17223636711394166
1713573537.7627625,-2.897931874266639,-0.24613466847646093,13.316094471386297,-0.02234936176621598,-0.03096013005609661,0.03412554090068575
1713573537.8128884,-3.129932904086373,-0.4785172123511412,12.582679749663901,-0.03484229544038411,-0.01363720072474887,0.14821863328887694
1713573537.863004,-3.566784876235663,-0.4621877608294458,13.070912980019452,-0.03894985554825371,-0.020506819088780572,0.14577919741719436
1713573537.913139,-3.6143127540366935,-0.5255176692598456,13.316061367082584,-0.04236312789312452,-0.024391598665391402,0.15610348750666012
1713573537.9632502,-3.503675681189603,-0.3656697580150676,13.118655420685274,-0.020092247679068868,-0.015004891171056575,0.1441266594905834
1713573538.0133703,-3.1308547338811192,-0.8095028037074621,13.0788337197587,-0.009998622098883357,-0.04904480749400481,0.022042450480340016
1713573538.0635097,-3.52595738580234,-0.2294692596291643,12.869840833472708,-0.018002864094497955,-0.02818484969979309,0.05586936722721812
1713573538.1136277,-3.2569855793989335,-0.6271234227914149,12.816182178524333,-0.051365296806977004,-0.024393490476972493,0.1319292868686877
1713573538.163765,-3.144536181839743,-1.1058031136916937,13.035522148684965,-0.0322756446496565,-0.022321510243086852,0.14343887243158931
1713573538.2139044,-3.102345039393357,-1.079931552443366,12.955408162236411,-0.04574536683787911,-0.03540500219702114,0.13740415266347772
1713573538.264043,-3.1572561382162467,-1.202895398084161,12.801419009484874,-0.025162543897565955,-0.025443920199307232,0.13780131294856574
1713573538.314198,-3.4933618644397164,-0.5642395159350184,12.952676284649883,-0.05123632537219677,-0.02385547433458749,0.13708685542997742
1713573538.3644087,-3.3842802855433045,-0.8735836468922065,12.685153104546236,-0.02345799708945267,-0.014056196437532916,0.13630798270118166
1713573538.4146035,-3.9202595854692,-0.48369006153298333,12.759458985118117,-0.0436353593704668,-0.005215317006942057,0.056586342671836855
1713573538.4647403,-3.1896132419652385,-0.8666116597289633,13.659376681287725,-0.03736792676676346,-0.039466788717673666,-0.03731424621132063
1713573538.5148797,-3.004362881446964,-0.9401590502814918,12.956332229660246,0.0113092046009385,-0.0548261782558377,-0.08875857694231572
1713573538.5650144,-3.5419941909363777,-0.8363228211415725,12.753682949556127,-0.03016354869317478,-0.02825169100229456,-0.081503218700023
1713573538.6151462,-3.471132554651762,-1.1022980301390848,12.76608984467265,-0.014715371711306232,-0.034054148752475456,-0.05579765273323291
1713573538.6652765,-3.4087969697034257,-0.8652325917788257,13.136169765374593,-0.032003421891707615,-0.030196420465081787,0.00033518379874054806
1713573538.7154095,-3.638033256428961,-1.1927263057392672,13.128041550782182,-0.03128366822398949,-0.025424678906102317,-0.005094648385202353
1713573538.765547,-3.4560191089004535,-1.013648936572766,13.094201159179127,-0.037850490782350324,-0.03281051484608894,0.01912275027198263
1713573538.8156705,-3.059951032147784,-0.919403863531778,13.156648098810223,-0.0424209476344032,-0.023805343394783636,0.004127570161945401
1713573538.8658066,-3.0106860482709115,-1.3930676392917931,13.327567372036413,-0.03977938454462433,-0.03902915620907391,-0.07428677397757236
1713573538.915942,-2.9988537629104535,-0.9337395659768695,13.114218222620707,-0.021029174208541803,-0.046144364254524686,-0.13597292062877367
1713573538.9660797,-2.8005228628698866,-1.1066114468799393,13.245240184968521,-0.011987758747537762,-0.06587032378311225,-0.1834463362314096
